City,Country,Latitude,Longitude,Temperature,Humidity,Cloudiness,Windspeed,Date
hervey bay,AU,-25.2986,152.8535,79.16,79,27,3.33,1678662809
dikson,RU,73.5069,80.5464,-23.51,100,100,8.41,1678663007
new norfolk,AU,-42.7826,147.0587,61.92,53,47,3.0,1678663008
mehamn,NO,71.0357,27.8492,10.35,85,0,10.36,1678663008
mangai,CD,-4.05,19.5333,71.37,98,100,2.17,1678663009
oyama,JP,36.3,139.8,62.58,68,84,13.8,1678663009
chuy,UY,-33.6971,-53.4616,74.55,81,17,11.92,1678663009
asau,RO,46.4333,26.4,31.28,67,81,4.99,1678662843
victoria,HK,22.2855,114.1577,69.33,60,99,11.01,1678663010
grindavik,IS,63.8424,-22.4338,19.35,57,75,16.11,1678663010
lebu,CL,-37.6167,-73.65,60.53,89,100,5.37,1678663011
ushuaia,AR,-54.8,-68.3,47.86,76,75,21.85,1678662834
avarua,CK,-21.2078,-159.775,82.45,83,40,2.3,1678663011
cape town,ZA,-33.9258,18.4232,63.27,83,0,10.36,1678662960
rikitea,PF,-23.1203,-134.9692,79.79,73,100,18.3,1678663012
puerto narino,CO,-3.7703,-70.3831,70.88,100,100,2.33,1678662932
saint-philippe,RE,-21.3585,55.7679,71.19,78,34,6.82,1678663013
faanui,PF,-16.4833,-151.75,82.26,74,86,13.13,1678663013
monrovia,LR,6.3005,-10.7969,79.45,86,55,5.7,1678663013
khatanga,RU,71.9667,102.5,15.66,96,100,4.94,1678663014
muros,ES,42.7762,-9.0603,60.15,82,78,18.5,1678663014
egvekinot,RU,66.3167,-179.1667,-13.77,94,100,5.26,1678663015
atuona,PF,-9.8,-139.0333,80.28,73,90,4.47,1678663015
roma,US,43.2128,-75.4557,37.69,66,0,4.61,1678663015
bluff,NZ,-46.6,168.3333,56.8,61,50,19.53,1678663016
bengkulu,ID,-3.8004,102.2655,74.84,91,100,3.51,1678663016
busselton,AU,-33.65,115.3333,64.51,93,100,4.61,1678663016
lagoa,PT,39.05,-27.9833,57.96,77,0,25.55,1678663017
okmulgee,US,35.6234,-95.9605,50.85,53,75,10.36,1678663017
morant bay,JM,17.8815,-76.4093,80.22,75,19,7.38,1678663018
hithadhoo,MV,-0.6,73.0833,81.64,78,36,10.69,1678663018
mahebourg,MU,-20.4081,57.7,79.09,78,40,6.91,1678663018
boa vista,BR,2.8197,-60.6733,85.98,45,20,8.05,1678663019
east london,ZA,-33.0153,27.9116,68.99,81,64,15.77,1678663019
puerto ayora,EC,-0.7393,-90.3518,81.55,88,19,5.01,1678663019
mount pleasant,US,32.7941,-79.8626,63.99,95,100,12.66,1678663020
svetlaya,RU,46.5389,138.3297,33.73,99,100,4.52,1678663020
jamestown,US,42.097,-79.2353,34.02,81,100,9.22,1678663021
mareeba,AU,-17.0,145.4333,81.48,85,64,1.3,1678662896
cidreira,BR,-30.1811,-50.2056,77.16,84,0,16.42,1678663022
port alfred,ZA,-33.5906,26.891,69.19,83,38,4.0,1678663022
qaanaaq,GL,77.484,-69.3632,-8.68,74,39,7.76,1678663023
san patricio,US,28.017,-97.5169,91.49,36,1,17.43,1678663024
punta arenas,CL,-53.15,-70.9167,53.71,66,75,18.41,1678663024
agua prieta,MX,31.3,-109.5667,72.39,9,0,17.27,1678662971
mecca,SA,21.4267,39.8261,71.91,45,21,4.14,1678663025
genhe,CN,50.7833,121.5167,-17.93,100,100,2.13,1678663025
wenshang,CN,35.7275,116.4961,34.23,30,0,8.99,1678663026
severo-kurilsk,RU,50.6789,156.125,33.17,87,62,10.78,1678663026
bathsheba,BB,13.2167,-59.5167,79.41,78,20,12.66,1678663027
nikolskoye,RU,59.7035,30.7861,23.81,89,33,10.83,1678663027
hilo,US,19.7297,-155.09,85.28,76,75,9.22,1678663028
kapaa,US,22.0752,-159.319,83.12,63,40,18.41,1678663028
tuktoyaktuk,CA,69.4541,-133.0374,3.2,85,100,12.66,1678663028
bundaberg,AU,-24.85,152.35,81.21,89,9,1.99,1678663029
vaini,TO,-21.2,-175.2,80.76,89,75,11.5,1678663029
ribeira grande,PT,38.5167,-28.7,60.78,76,8,13.0,1678663030
kaitangata,NZ,-46.2817,169.8464,56.59,54,34,14.2,1678663030
sitka,US,57.0531,-135.33,33.69,34,20,8.05,1678662754
saskylakh,RU,71.9167,114.0833,5.16,94,100,18.48,1678663031
bissau,GW,11.8636,-15.5977,75.31,88,2,4.61,1678663031
margate,GB,51.3813,1.3862,52.11,92,100,10.0,1678662882
arraial do cabo,BR,-22.9661,-42.0278,76.86,88,75,10.36,1678663032
oussouye,SN,12.485,-16.5469,77.09,67,0,6.42,1678663032
jasper,US,37.2001,-94.3502,49.68,64,75,6.91,1678662801
hurricane,US,37.1753,-113.2899,64.74,37,19,8.57,1678663033
thompson,CA,55.7435,-97.8558,24.96,42,20,6.91,1678663033
waltershausen,DE,50.9,10.5667,46.83,92,100,14.43,1678663034
bima,ID,-8.4667,118.7167,75.43,93,32,2.95,1678663035
sire,NG,12.9299,5.2043,81.43,9,92,10.2,1678663035
sidrolandia,BR,-20.9319,-54.9614,71.1,93,71,4.14,1678663035
tomatlan,MX,19.9333,-105.25,83.03,45,0,7.61,1678663036
iquique,CL,-20.2208,-70.1431,73.44,79,13,3.44,1678662749
linxia,CN,35.6003,103.2064,36.55,25,0,4.41,1678663036
cabo san lucas,MX,22.8909,-109.9124,86.31,24,0,10.36,1678663037
deniliquin,AU,-35.5333,144.9667,68.34,56,0,7.81,1678662925
tura,IN,25.5198,90.2201,69.21,29,0,3.76,1678663038
hauterive,FR,46.0901,3.4459,54.36,92,100,6.44,1678663038
kosa,RU,59.9445,54.9977,35.67,99,100,17.74,1678663039
hermanus,ZA,-34.4187,19.2345,61.81,79,0,7.72,1678663039
lima,PE,-12.0432,-77.0282,82.9,64,0,8.05,1678663002
halkirk,CA,52.2834,-112.1518,13.57,91,99,8.7,1678663040
klaksvik,FO,62.2266,-6.589,29.32,57,100,36.66,1678663040
souris,CA,49.6172,-100.2612,19.26,90,98,2.51,1678663041
albany,US,42.6001,-73.9662,41.65,65,100,2.84,1678662897
chik,RU,54.9928,82.4311,11.95,72,0,6.71,1678663042
bredasdorp,ZA,-34.5322,20.0403,63.39,85,0,3.29,1678663042
bilibino,RU,68.0546,166.4372,-0.65,62,100,1.66,1678663043
yellowknife,CA,62.456,-114.3525,3.72,60,0,9.22,1678663026
saint-francois,FR,46.4154,3.9054,53.04,82,100,4.61,1678663043
iqaluit,CA,63.7506,-68.5145,-4.27,83,75,2.3,1678663044
georgetown,MY,5.4112,100.3354,80.53,69,20,9.22,1678662919
znamenskoye,RU,57.1281,73.8282,9.36,97,66,5.1,1678663044
calama,CL,-22.4667,-68.9333,68.49,45,0,24.16,1678662848
katsuura,JP,35.1333,140.3,60.82,72,100,20.87,1678663045
havre-saint-pierre,CA,50.2334,-63.5986,28.4,80,0,3.44,1678663045
anloga,GH,5.7947,0.8973,82.17,82,70,13.15,1678663046
mataura,NZ,-46.1927,168.8643,56.48,84,44,8.25,1678663046
butaritari,KI,3.0707,172.7902,81.93,76,24,16.55,1678663047
la asuncion,VE,11.0333,-63.8628,82.13,69,30,20.71,1678663047
pangkalanbuun,ID,-2.6833,111.6167,73.54,97,99,2.21,1678663048
itaqui,BR,-29.1253,-56.5531,89.78,31,14,7.56,1678662781
bereda,ES,43.2686,-7.5406,56.14,83,100,9.75,1678663048
vostok,RU,46.4856,135.8833,17.74,96,100,3.49,1678663049
avera,US,33.194,-82.5271,51.31,94,100,6.2,1678663049
sinnamary,GF,5.3833,-52.95,76.46,80,49,9.1,1678663050
port augusta,AU,-32.5,137.7667,69.13,42,4,5.03,1678663050
labuhan,ID,-6.8844,112.2051,75.87,87,93,8.9,1678663051
hasaki,JP,35.7333,140.8333,63.28,71,100,21.79,1678663051
hobart,AU,-42.8794,147.3294,62.26,61,20,4.61,1678662755
bacolod,PH,10.6667,122.95,75.0,80,41,10.27,1678663052
manggar,ID,-2.8833,108.2667,76.39,89,85,7.11,1678663052
obidos,BR,-1.9175,-55.5181,75.04,92,100,2.39,1678663053
naze,JP,28.3667,129.4833,56.32,69,100,23.64,1678663053
svetlyy,RU,54.675,20.1347,28.45,85,99,7.43,1678663053
leningradskiy,RU,69.3833,178.4167,-0.54,80,100,8.14,1678663054
fort smith,US,35.3859,-94.3986,55.44,51,75,12.66,1678662883
fort nelson,CA,58.8053,-122.7002,16.95,47,20,5.01,1678663054
milagro,ES,42.2386,-1.764,59.67,67,99,5.1,1678663055
pangnirtung,CA,66.1451,-65.7125,-1.17,84,43,4.88,1678663055
kirakira,SB,-10.4544,161.9205,83.39,76,96,6.08,1678663056
wanaraja,ID,-7.1749,107.9808,64.99,92,99,2.3,1678663056
chokurdakh,RU,70.6333,147.9167,-4.92,89,100,3.49,1678663056
upernavik,GL,72.7868,-56.1549,-12.19,87,27,9.42,1678663057
marzuq,YE,14.4,46.4667,66.0,76,54,3.47,1678663057
chimbarongo,CL,-34.7,-71.05,76.08,46,0,6.96,1678663057
severodvinsk,RU,64.5635,39.8302,28.51,98,100,5.99,1678662890
constitucion,CL,-35.3333,-72.4167,60.93,91,41,6.67,1678663054
castro,BR,-24.7911,-50.0119,63.18,98,95,5.84,1678662877
tasiilaq,GL,65.6145,-37.6368,15.96,66,12,5.32,1678663058
thinadhoo,MV,0.5333,72.9333,82.17,76,42,12.35,1678663059
kruisfontein,ZA,-34.0033,24.7314,61.88,85,0,5.55,1678663059
aurangabad,IN,19.8833,75.3333,76.55,26,90,5.73,1678663059
forio,IT,40.7342,13.8646,55.81,80,1,3.0,1678663060
tiarei,PF,-17.5333,-149.3333,86.02,69,52,12.64,1678663060
tiksi,RU,71.6872,128.8694,-7.49,95,41,8.68,1678663061
port elizabeth,ZA,-33.918,25.5701,68.29,88,0,11.5,1678663061
yueyang,CN,29.3333,113.0919,46.18,39,87,5.32,1678663061
narsaq,GL,60.9167,-46.05,26.82,70,27,8.1,1678663062
saint-denis,FR,48.9167,2.3333,56.01,91,100,18.41,1678663048
sao filipe,CV,14.8961,-24.4956,77.43,53,1,8.5,1678663062
holetown,BB,13.1867,-59.6381,79.36,73,44,14.45,1678663063
ketchikan,US,55.3422,-131.6461,36.07,51,100,4.61,1678663063
malindi,KE,-3.2175,40.1191,76.6,90,59,9.1,1678663063
vila,PT,42.0304,-8.1588,47.28,3,100,5.95,1678663064
ahipara,NZ,-35.1667,173.1667,68.49,65,100,10.6,1678663064
bayir,TR,37.2687,28.2167,45.12,96,100,4.56,1678663064
marsh harbour,BS,26.5412,-77.0636,75.15,74,2,15.03,1678663065
chumikan,RU,54.7183,135.315,10.74,95,100,1.14,1678663065
mahon,ES,39.8885,4.2658,55.96,100,0,8.05,1678663066
iwanai,JP,42.9744,140.5089,43.81,89,100,12.82,1678663066
lethem,GY,3.3803,-59.7968,84.04,46,41,11.32,1678663067
barsovo,RU,61.1667,73.1667,19.53,92,98,12.5,1678663067
hobyo,SO,5.3505,48.5268,80.24,70,80,13.98,1678663067
malpura,IN,26.2833,75.3833,74.84,26,96,4.74,1678663068
suez,EG,29.9737,32.5263,62.44,78,2,5.35,1678662983
ternate,ID,0.8,127.4,80.29,78,92,1.52,1678663068
sorong,ID,-0.8833,131.25,78.46,88,93,7.25,1678663069
airai,TL,-8.9266,125.4092,62.47,84,45,0.27,1678663069
pisco,PE,-13.7,-76.2167,77.05,69,75,20.71,1678663069
yeniseysk,RU,58.4497,92.1703,15.73,89,100,11.88,1678663070
gerash,IR,27.6652,54.1371,66.18,30,52,2.98,1678663070
beckley,US,37.7782,-81.1882,37.08,95,100,5.75,1678663071
korla,CN,41.7597,86.1469,41.65,36,8,3.18,1678663071
kieta,PG,-6.2167,155.6333,84.81,68,71,1.92,1678663071
mudon,MM,16.2578,97.7164,78.01,78,100,2.51,1678663072
lata,PT,40.1629,-8.3327,53.92,91,100,2.08,1678663072
seoul,KR,37.5683,126.9778,33.24,26,0,11.48,1678662877
susanville,US,40.4163,-120.653,44.44,87,100,6.91,1678663028
eureka,US,40.8021,-124.1637,56.59,95,100,6.93,1678662944
conceicao do araguaia,BR,-8.2578,-49.2647,74.28,93,85,2.26,1678662896
mayumba,GA,-3.432,10.6554,76.17,84,93,1.28,1678663073
toamasina,MG,-18.1667,49.3833,74.43,89,50,8.99,1678663074
nanortalik,GL,60.1432,-45.2371,28.02,91,75,4.92,1678663074
hovd,MN,48.0056,91.6419,33.04,64,100,9.26,1678663075
torbay,CA,47.6666,-52.7314,30.58,95,100,21.85,1678663075
prainha,BR,-1.8,-53.48,73.98,95,74,3.22,1678663075
carnarvon,AU,-24.8667,113.6333,76.1,65,0,19.04,1678663076
chake chake,TZ,-5.2459,39.7666,80.87,74,100,9.98,1678663076
mitsamiouli,KM,-11.3847,43.2844,80.31,72,100,5.44,1678663077
abalak,RU,58.1286,68.5944,17.82,84,58,10.47,1678663077
juli,PE,-16.2167,-69.45,48.45,72,34,9.73,1678663077
zorritos,PE,-3.6805,-80.6782,84.49,80,80,7.54,1678663078
solnechnyy,RU,50.7214,136.6319,19.67,93,100,9.37,1678663078
yumen,CN,40.2833,97.2,40.33,20,6,3.24,1678663078
petropavlovsk-kamchatskiy,RU,53.0452,158.6483,28.78,100,100,0.0,1678662890
pimenta bueno,BR,-11.6725,-61.1936,72.88,98,91,3.56,1678663079
tongzi,CN,28.7829,105.0877,46.72,88,99,2.71,1678663079
mildura,AU,-34.2,142.15,65.07,64,0,11.45,1678663080
trairi,BR,-3.2778,-39.2689,78.66,84,100,6.8,1678662828
cabedelo,BR,-6.9811,-34.8339,83.07,76,72,13.76,1678663080
lompoc,US,34.6391,-120.4579,69.94,82,100,6.91,1678662972
paamiut,GL,61.994,-49.6678,13.71,71,9,9.33,1678663081
koboko,UG,3.4136,30.9599,65.8,73,99,2.84,1678663081
port hedland,AU,-20.3167,118.5667,80.65,100,0,4.61,1678663082
yar-sale,RU,66.8333,70.8333,13.17,93,100,8.05,1678663082
acapulco,MX,16.8634,-99.8901,82.22,65,0,6.91,1678663083
vao,NC,-22.6667,167.4833,77.18,78,39,15.64,1678663083
shahrud,IR,36.4182,54.9763,51.1,38,52,3.33,1678663083
kloulklubed,PW,7.0419,134.2556,81.1,79,99,8.81,1678663084
wladyslawowo,PL,54.7909,18.4009,36.55,80,100,10.65,1678663030
cherskiy,RU,68.75,161.3,8.38,94,100,15.3,1678663084
pasni,PK,25.2631,63.471,73.74,71,2,1.32,1678663085
santa cruz del sur,CU,20.7147,-77.9956,78.84,58,0,8.59,1678663085
camopi,GF,3.1655,-52.3158,71.28,88,39,4.21,1678663086
necochea,AR,-38.5473,-58.7368,77.41,66,84,10.65,1678663086
souillac,MU,-20.5167,57.5167,79.18,78,40,6.91,1678663087
kodiak,US,57.79,-152.4072,36.91,60,0,5.75,1678663087
killybegs,IE,54.6333,-8.45,50.41,96,100,12.37,1678663087
bud,US,39.447,-86.1758,39.67,87,100,5.97,1678663088
youkounkoun,GN,12.5333,-13.1333,85.78,12,10,5.01,1678663088
kwaluseni,SZ,-26.4833,31.3333,65.46,90,98,3.11,1678663088
norman wells,CA,65.282,-126.8329,10.44,48,20,8.05,1678663089
thunder bay,CA,48.4001,-89.3168,22.98,54,100,12.66,1678663089
ishigaki,JP,24.3448,124.1572,62.73,72,75,20.71,1678662990
kaka,TM,37.3482,59.6143,57.9,57,16,6.51,1678663090
giuvarasti,RO,43.8,24.7,34.48,69,20,5.01,1678663090
selenginsk,RU,52.0064,106.8647,14.41,97,100,2.8,1678663090
provideniya,RU,64.3833,-173.3,8.71,66,20,4.47,1678663091
shache,CN,38.4167,77.2406,47.93,27,98,7.78,1678663091
longyearbyen,SJ,78.2186,15.6401,13.84,62,40,26.46,1678663092
srednekolymsk,RU,67.45,153.6833,4.1,93,100,11.43,1678663092
jonkoping,SE,57.7814,14.1562,28.11,80,100,5.75,1678663092
zeya,RU,53.75,127.2667,-1.44,99,63,3.22,1678663093
khvorostyanka,RU,52.6096,48.9597,47.43,74,99,23.47,1678663093
talnakh,RU,69.4865,88.3972,-9.8,99,100,8.28,1678663095
vega de alatorre,MX,20.0333,-96.6333,82.35,66,14,5.01,1678663095
hailar,CN,49.2,119.7,-6.3,90,100,7.07,1678663096
saint-pierre,RE,-21.3393,55.4781,71.56,64,0,5.75,1678663096
samarai,PG,-10.6167,150.6667,83.44,72,94,8.19,1678663096
ferkessedougou,CI,9.6,-5.2,74.23,83,100,10.31,1678663097
brumado,BR,-14.2036,-41.6653,81.7,53,96,13.56,1678663097
alexandria,EG,31.2156,29.9553,57.74,71,5,6.55,1678663098
ballina,AU,-28.8667,153.5667,74.79,98,93,11.81,1678663098
usinsk,RU,65.9939,57.5281,31.03,92,100,22.88,1678663098
yulara,AU,-25.2406,130.9889,77.59,22,1,7.58,1678663099
narasannapeta,IN,18.4167,84.05,71.51,66,0,4.38,1678663099
suntar,RU,62.1444,117.6319,2.39,87,100,8.01,1678663099
marsa matruh,EG,31.3525,27.2453,62.8,72,40,4.61,1678663100
melilla,ES,35.2937,-2.9383,57.58,82,0,1.14,1678663100
roald,NO,62.5833,6.1333,34.72,86,100,14.97,1678663101
hofn,IS,64.2539,-15.2082,17.08,67,38,22.68,1678663101
conde,BR,-7.2597,-34.9075,81.86,74,0,8.05,1678663101
basco,PH,20.4487,121.9702,73.18,72,78,25.9,1678663102
huamuxtitlan,MX,17.8167,-98.5667,90.07,26,18,10.76,1678663102
urucui,BR,-7.2294,-44.5561,80.51,74,98,3.94,1678663103
cairns,AU,-16.9167,145.7667,86.11,82,59,1.14,1678662919
takhtamygda,RU,54.1,123.5667,-16.82,100,35,2.55,1678663103
saint george,US,37.1041,-113.5841,65.95,37,0,11.99,1678662941
pevek,RU,69.7008,170.3133,3.49,66,100,12.57,1678663104
eyrarbakki,IS,63.863,-21.1481,19.45,58,0,18.97,1678663104
bethel,US,41.3712,-73.414,42.96,57,0,4.61,1678662879
wamba,NG,8.9333,8.6,78.69,13,67,4.74,1678663105
walvis bay,NA,-22.9575,14.5053,61.09,85,1,6.98,1678663105
kahului,US,20.8947,-156.47,84.97,59,20,23.02,1678663105
puerto princesa,PH,9.7392,118.7353,73.38,78,40,6.91,1678663106
krasnorechenskiy,RU,44.6265,135.3532,18.05,92,100,9.13,1678663106
nome,US,64.5011,-165.4064,3.27,78,0,3.44,1678663107
kavaratti,IN,10.5669,72.642,80.69,70,0,1.41,1678663107
alofi,NU,-19.0595,-169.9187,78.69,94,100,5.75,1678663107
nikolayevka,RU,53.1257,47.2041,43.63,93,100,16.13,1678663108
college,US,64.8569,-147.8028,15.21,77,100,0.0,1678663108
banda aceh,ID,5.5577,95.3222,77.83,87,96,12.21,1678663109
kavieng,PG,-2.5744,150.7967,82.65,74,94,5.12,1678663109
san joaquin,US,37.9333,-121.3011,63.12,84,100,6.91,1678663109
barrow,US,71.2906,-156.7887,-16.58,76,0,18.41,1678663099
kazanskaya,RU,45.4106,40.4361,44.94,91,100,12.37,1678663110
san javier,ES,37.8063,-0.8374,67.39,64,0,2.3,1678663110
coquimbo,CL,-29.9533,-71.3436,67.73,77,0,10.36,1678662882
luderitz,NA,-26.6481,15.1594,62.31,76,0,11.7,1678663111
piranhas,BR,-16.4269,-51.8222,70.14,88,100,2.44,1678663111
komsomolskiy,UZ,40.4272,71.7189,45.32,87,28,2.3,1678663112
esperance,AU,-33.8667,121.9,68.41,60,100,9.71,1678663112
aden,YE,12.7794,45.0367,77.34,83,47,20.54,1678663112
mayskiy,RU,47.6931,40.1025,35.01,65,100,11.12,1678663113
buchmany,UA,51.0689,28.0421,28.22,87,73,6.89,1678663113
praia,CV,14.9215,-23.5087,82.94,21,20,13.8,1678663114
hornepayne,CA,49.2138,-84.7705,15.28,90,100,9.1,1678663114
kotelnich,RU,58.3089,48.348,38.59,100,100,20.33,1678663114
wum,CM,6.3833,10.0667,73.98,47,88,1.79,1678663115
simao,CN,22.7886,100.9748,55.76,92,100,3.2,1678663115
belyy yar,RU,53.6039,91.3903,24.69,68,0,11.18,1678663116
roebourne,AU,-20.7833,117.1333,83.3,63,0,4.68,1678663116
staryy nadym,RU,65.6118,72.6842,15.78,92,97,8.23,1678663116
byron bay,AU,-28.65,153.6167,74.71,86,95,11.43,1678662886
gardez,AF,33.5974,69.2259,45.27,57,18,2.13,1678663117
civitanova marche,IT,43.307,13.7206,52.18,78,0,3.0,1678663117
havelock,US,34.8791,-76.9013,47.93,92,100,10.36,1678663013
namibe,AO,-15.1961,12.1522,75.0,81,100,0.74,1678663118
nhulunbuy,AU,-12.2333,136.7667,83.01,78,40,9.22,1678663118
charagua,BO,-19.8,-63.2167,77.99,52,13,3.69,1678663119
arman,RU,59.7,150.1667,14.02,91,100,5.1,1678663119
sosnovo-ozerskoye,RU,52.5249,111.5418,0.18,96,90,1.57,1678663119
kautokeino,NO,69.0125,23.0412,-8.16,100,44,2.91,1678663120
jiaxing,CN,30.7522,120.75,40.1,59,100,0.63,1678663120
richards bay,ZA,-28.783,32.0377,72.91,76,91,8.77,1678663121
rantepao,ID,-2.9701,119.8978,67.82,99,100,0.96,1678663121
chauk,MM,20.8833,94.8167,76.71,28,46,1.3,1678663121
vardo,NO,70.3705,31.1107,15.78,92,100,11.5,1678663122
atherton,GB,53.5237,-2.4935,52.29,95,100,3.0,1678663122
tevaitoa,PF,-16.7833,-151.5,82.0,73,83,12.93,1678663123
turukhansk,RU,65.8167,87.9833,4.91,93,100,16.35,1678663123
alihe,CN,50.5667,123.7167,-2.94,96,43,2.73,1678663123
iquitos,PE,-3.7481,-73.2472,77.04,94,75,3.44,1678663124
henties bay,NA,-22.116,14.2845,61.84,89,9,3.67,1678663124
bonthe,SL,7.5264,-12.505,77.4,93,93,6.22,1678663125
ilulissat,GL,69.2167,-51.1,14.02,57,32,0.0,1678663125
chengde,CN,40.9725,117.9361,27.82,34,98,1.66,1678662874
sisimiut,GL,66.9395,-53.6735,8.38,87,80,4.47,1678663125
preeceville,CA,51.95,-102.6677,17.1,90,95,4.03,1678663126
kargil,IN,34.5667,76.1,11.82,90,99,0.94,1678663126
torrington,US,41.8007,-73.1212,43.34,61,100,1.01,1678663127
sao joao da barra,BR,-21.6403,-41.0511,77.09,84,98,7.45,1678662860
xinmin,CN,41.9908,122.8253,22.33,25,25,5.41,1678663127
pishin,PK,30.5803,66.9961,58.24,43,1,3.0,1678663128
shenjiamen,CN,29.9576,122.298,44.58,58,100,16.22,1678663128
vrangel,RU,42.7297,133.0839,26.33,61,49,23.69,1678663128
general roca,AR,-39.0333,-67.5833,80.62,21,64,3.8,1678663129
fortuna,US,40.5982,-124.1573,56.32,88,100,13.8,1678663129
hendek,TR,40.7994,30.7481,42.44,90,100,6.6,1678663130
alekseyevsk,RU,57.8406,108.3492,28.0,96,100,11.41,1678663130
la rioja,ES,42.25,-2.5,42.58,79,95,7.25,1678663130
salym,RU,60.0625,71.4789,19.4,89,88,10.6,1678663131
biak,ID,-0.9131,122.8766,75.33,89,98,5.77,1678663131
codrington,AU,-38.2667,141.9667,60.37,65,10,7.96,1678663132
pahrump,US,36.2083,-115.9839,68.05,29,73,8.99,1678663132
pak phanang,TH,8.3511,100.202,77.02,78,75,11.9,1678663132
umm kaddadah,SD,13.6017,26.6876,73.99,14,94,19.26,1678663133
wanning,CN,18.8003,110.3967,70.36,77,74,14.32,1678663133
ust-tsilma,RU,65.441,52.1498,35.01,99,100,14.52,1678663134
razole,IN,16.4833,81.8333,67.37,90,0,2.95,1678663134
ixtapa,MX,20.7,-105.2,78.22,65,0,11.5,1678663134
west des moines,US,41.572,-93.7453,28.54,84,100,14.97,1678663135
geraldton,AU,-28.7667,114.6,64.81,94,5,9.22,1678663135
vila franca do campo,PT,37.7167,-25.4333,59.41,85,26,19.75,1678663136
guarapari,BR,-20.6667,-40.4975,79.9,86,100,4.56,1678663136
puerto escondido,MX,15.85,-97.0667,83.23,69,20,11.5,1678663136
livani,LV,56.3543,26.1758,23.07,86,24,10.04,1678663137
ayan,RU,56.45,138.1667,12.27,92,100,9.75,1678663137
lavrentiya,RU,65.5833,-171.0,-7.38,84,11,6.15,1678663138
teguise,ES,29.0605,-13.564,59.22,100,100,2.3,1678663138
kupang,ID,-10.1667,123.5833,77.0,87,2,4.16,1678663138
haines junction,CA,60.7522,-137.5108,21.15,30,73,1.14,1678663139
guerrero negro,MX,27.9769,-114.0611,65.52,71,75,21.92,1678662926
yuci,CN,37.6803,112.7319,24.55,50,0,4.47,1678663139
minab,IR,27.1467,57.0801,68.32,64,11,2.3,1678663140
nemuro,JP,43.3236,145.575,36.34,95,70,20.67,1678663140
adrar,MR,20.5022,-10.0711,77.54,9,0,13.6,1678663141
mar del plata,AR,-38.0023,-57.5575,81.95,81,0,6.91,1678663095
sokoni,TZ,-6.4333,39.55,80.42,84,87,12.08,1678663141
pacific grove,US,36.6177,-121.9166,62.89,85,99,11.99,1678663142
la paz,BO,-16.5,-68.15,57.18,50,20,11.5,1678663142
padang,ID,-0.9492,100.3543,76.87,89,100,2.68,1678663143
castellamonte,IT,45.382,7.7121,52.72,77,53,4.65,1678663143
ostrovnoy,RU,68.0531,39.5131,24.73,95,100,7.85,1678663143
dubbo,AU,-32.25,148.6167,77.13,53,28,19.57,1678663144
lashio,MM,22.9333,97.75,58.42,40,50,1.68,1678663144
tilichiki,RU,60.4667,166.1,15.89,95,100,6.08,1678663144
ihosy,MG,-22.4,46.1167,63.81,95,38,6.46,1678663145
calvillo,MX,21.85,-102.7167,85.14,9,0,8.01,1678663145
tokat,TR,40.4167,36.5833,36.12,94,100,5.12,1678663146
lubao,PH,14.9167,120.55,76.71,81,94,5.08,1678663146
bichena,ET,10.45,38.2,56.68,72,100,1.14,1678663147
wilhelmshaven,DE,53.5167,8.1333,47.03,96,100,15.82,1678663147
coahuayana,MX,18.7333,-103.6833,82.29,55,1,6.64,1678663148
bambous virieux,MU,-20.3428,57.7575,79.05,78,40,6.91,1678663148
laibin,CN,23.7,109.2667,61.99,30,100,14.0,1678663149
listowel,IE,52.4464,-9.485,53.31,92,100,14.94,1678663149
ancud,CL,-41.8697,-73.8203,55.76,76,96,3.13,1678663149
ormara,PK,25.2088,64.6357,73.74,74,0,4.29,1678663150
faya,SA,18.3851,42.4509,55.92,74,100,6.29,1678663150
lazaro cardenas,MX,17.9583,-102.2,80.22,61,4,9.75,1678663150
port lincoln,AU,-34.7333,135.8667,64.18,69,96,9.71,1678663151
zyryanka,RU,65.75,150.85,-4.27,97,98,5.19,1678663151
evanston,US,42.0411,-87.6901,37.11,90,100,3.0,1678662895
chulman,RU,56.8479,124.9104,-27.35,100,95,2.75,1678662931
vagur,FO,61.4732,-6.8119,34.52,68,94,41.27,1678663153
weligama,LK,5.9667,80.4167,74.44,88,27,8.93,1678663153
banjar,ID,-8.19,114.9675,76.03,88,62,4.47,1678663154
ulaanbaatar,MN,47.9077,106.8832,21.33,79,0,2.24,1678663154
abasolo,MX,20.45,-101.5167,74.03,29,61,18.05,1678663155
paso de los toros,UY,-32.8167,-56.5167,85.96,32,35,10.0,1678663155
urumqi,CN,43.801,87.6005,36.55,75,0,2.24,1678663155
sironko,UG,1.2313,34.2477,66.16,76,100,3.69,1678663156
caravelas,BR,-17.7125,-39.2481,77.4,82,50,6.4,1678663156
gualaquiza,EC,-3.4,-78.55,67.05,97,96,1.61,1678663157
shepsi,RU,44.0361,39.1489,50.77,94,100,3.56,1678663157
mount gambier,AU,-37.8333,140.7667,59.81,68,27,6.04,1678663158
ola,RU,59.5833,151.2833,14.14,89,100,6.6,1678663158
mandalgovi,MN,45.7625,106.2708,32.67,26,56,8.39,1678663158
diapaga,BF,12.0708,1.7889,88.02,9,100,8.19,1678663159
baykit,RU,61.67,96.37,9.1,88,100,12.17,1678663159
tuatapere,NZ,-46.1333,167.6833,54.05,73,33,13.18,1678663160
sembakung,ID,3.8167,117.25,73.53,91,94,0.34,1678663103
santa lucia,ES,27.9117,-15.5407,60.76,82,0,17.27,1678663160
sumenep,ID,-7.0167,113.8667,77.94,81,80,2.33,1678663161
greeneville,US,36.1632,-82.831,45.73,95,100,4.61,1678663003
luebo,CD,-5.35,21.4167,69.98,97,100,1.77,1678663161
omboue,GA,-1.5746,9.2618,77.79,87,98,4.45,1678663162
jiuquan,CN,39.7432,98.5174,39.4,20,0,3.27,1678663162
jumla,NP,29.2747,82.1838,42.21,80,11,5.01,1678663162
nuuk,GL,64.1835,-51.7216,13.78,87,2,5.21,1678663048
makakilo city,US,21.3469,-158.0858,81.01,68,20,13.8,1678663163
lockport,US,41.5895,-88.0578,37.17,85,100,16.11,1678663163
hamilton,US,39.1834,-84.5333,39.24,82,100,6.91,1678663164
broome,US,42.2506,-75.833,37.65,78,100,3.44,1678663165
ust-kut,RU,56.7938,105.7672,25.43,87,100,16.17,1678663137
bulgan,MN,48.8125,103.5347,31.73,38,96,5.06,1678663166
ust-omchug,RU,61.15,149.6333,8.15,90,100,5.39,1678663166
laguna,US,38.421,-121.4238,60.06,90,100,9.22,1678663086
honavar,IN,14.2833,74.45,76.24,41,35,5.14,1678663167
veinticinco de mayo,AR,-35.4323,-60.1727,85.98,39,96,1.99,1678663167
clyde river,CA,70.4692,-68.5914,-15.47,95,85,3.53,1678662903
namatanai,PG,-3.6667,152.4333,82.54,74,99,3.65,1678663168
mazagao,BR,-0.115,-51.2894,82.45,80,37,5.82,1678663168
abu kamal,SY,34.4506,40.9171,63.1,33,68,11.56,1678663168
sal rei,CV,16.1833,-22.9167,71.26,85,19,15.61,1678663169
bull savanna,JM,17.8868,-77.5902,75.52,69,3,5.14,1678663169
mahajanga,MG,-15.7167,46.3167,75.22,94,40,16.11,1678663170
chapada dos guimaraes,BR,-15.4606,-55.7497,69.46,95,100,4.34,1678663170
scarborough,GB,54.2797,-0.4044,49.57,90,100,7.0,1678662934
anisoc,GQ,1.8658,10.7689,71.15,99,100,1.83,1678663171
kamaishi,JP,39.2667,141.8833,49.28,92,100,14.88,1678663171
camacha,PT,33.0833,-16.3333,62.02,77,75,10.36,1678663172
qaqortoq,GL,60.7167,-46.0333,15.84,78,46,7.09,1678663172
hambantota,LK,6.1241,81.1185,76.59,85,47,13.51,1678663172
hay river,CA,60.8156,-115.7999,3.18,60,20,8.05,1678663173
manjo,CM,4.8428,9.8217,71.02,95,85,0.58,1678663174
dali,CN,25.7,100.1833,41.83,74,1,5.03,1678663174
kijang,KR,35.2442,129.2139,35.33,33,0,12.86,1678663174
shenzhen,CN,22.5455,114.0683,71.37,65,100,9.44,1678662905
namwala,ZM,-15.7504,26.4384,68.4,76,100,2.57,1678663175
bubaque,GW,11.2833,-15.8333,77.83,75,4,18.12,1678663096
goderich,CA,43.7501,-81.7165,29.91,87,100,4.83,1678662930
isangel,VU,-19.55,169.2667,86.11,74,40,6.91,1678663175
klichka,RU,50.4457,117.996,-1.23,91,100,3.31,1678663176
bukama,CD,-9.2,25.85,67.98,97,100,0.29,1678663176
alice springs,AU,-23.7,133.8833,80.15,19,0,5.75,1678662883
amaigbo,NG,5.7892,7.8383,80.17,74,100,8.05,1678663177
buta,CD,2.7858,24.73,70.38,99,94,1.28,1678663177
svolvaer,NO,68.2342,14.5683,31.98,55,20,18.41,1678663177
belmonte,BR,-15.8631,-38.8828,77.41,80,69,7.99,1678663178
linqiong,CN,30.4159,103.4609,42.62,81,22,1.59,1678663178
kambja,EE,58.2335,26.696,24.82,86,75,16.11,1678663179
lorengau,PG,-2.0226,147.2712,82.96,72,79,3.24,1678663179
great yarmouth,GB,52.6083,1.7305,50.5,96,100,23.13,1678663179
caxito,AO,-8.5785,13.6643,74.77,95,100,3.85,1678663180
lufilufi,WS,-13.8745,-171.5986,85.78,72,87,18.92,1678663180
saldanha,ZA,-33.0117,17.9442,59.05,88,0,13.02,1678663181
san vicente,AR,-26.6167,-54.1333,72.54,75,83,2.68,1678663181
avaton,GR,40.9667,24.8,42.46,65,50,9.42,1678663181
flinders,AU,-34.5833,150.8552,65.17,93,100,5.99,1678663182
northam,GB,51.0333,-4.2167,54.61,96,100,26.62,1678663182
yanam,IN,16.7333,82.2167,68.72,87,0,2.44,1678663182
rakiv lis,UA,51.6217,24.9243,30.11,83,92,4.43,1678663183
mandera,KE,3.9366,41.867,84.24,58,98,16.53,1678663183
la ronge,CA,55.1001,-105.2842,26.85,46,75,3.44,1678663184
atambua,ID,-9.1061,124.8925,73.98,85,56,1.9,1678663184
ruyigi,BI,-3.45,30.3167,59.31,94,96,2.89,1678663184
touros,BR,-5.1989,-35.4608,81.1,79,86,14.36,1678662928
honiara,SB,-9.4333,159.95,78.42,89,100,1.01,1678663185
oktyabrskiy,RU,54.4815,53.471,38.07,94,100,22.77,1678663185
rutland,US,43.6167,-73.0162,39.45,59,0,3.44,1678663181
thiruvananthapuram,IN,8.4833,76.9167,84.18,74,40,0.0,1678663186
san cristobal,VE,7.7669,-72.225,76.53,88,97,2.37,1678663186
edd,ER,13.9297,41.6925,80.6,73,91,9.62,1678663186
ardakan,IR,32.31,54.0175,63.39,29,84,3.27,1678663187
correntina,BR,-13.3433,-44.6367,80.19,46,86,1.74,1678663187
whitehorse,CA,60.7161,-135.0538,16.11,39,20,3.44,1678663188
alanya,TR,36.5438,31.9998,57.33,79,97,7.54,1678663065
caldwell,US,43.6629,-116.6874,53.47,53,100,19.57,1678662951
batagay,RU,67.6333,134.6333,-7.91,99,94,2.64,1678663189
batya,HU,46.488,18.9542,37.08,53,31,7.38,1678663189
los llanos de aridane,ES,28.6585,-17.9182,60.55,88,0,5.75,1678663190
qesarya,IL,32.5189,34.9046,62.19,59,82,1.9,1678663190
kouango,CF,4.9934,19.9619,84.83,42,100,3.87,1678663191
yago,MX,21.8333,-105.0667,86.29,31,0,9.06,1678663191
troitskoye,RU,52.9821,84.6757,13.37,99,65,1.86,1678663191
minnedosa,CA,50.2453,-99.8436,18.16,89,51,4.03,1678663192
marang,MY,5.2056,103.2059,76.91,77,100,7.31,1678663192
yaan,NG,7.3833,8.5667,85.15,48,55,10.56,1678663193
yuanping,CN,38.7153,112.7575,30.18,24,20,1.41,1678663193
kabare,CD,-2.4683,28.8242,61.7,98,100,3.76,1678663194
viedma,AR,-40.8135,-62.9967,82.06,30,100,7.99,1678663194
xiamen,CN,24.4798,118.0819,59.25,72,20,11.18,1678663194
erzin,TR,36.9559,36.2,61.56,53,100,3.51,1678663195
wanaka,NZ,-44.7,169.15,48.96,75,94,2.89,1678662924
itarema,BR,-2.9248,-39.9167,79.07,81,100,9.93,1678663195
puerto del rosario,ES,28.5004,-13.8627,65.95,82,20,9.22,1678663196
comodoro rivadavia,AR,-45.8667,-67.5,69.66,19,0,27.63,1678663196
muroto,JP,33.2833,134.15,56.05,69,100,9.64,1678663196
dwarka,IN,22.2394,68.9678,76.69,62,82,11.05,1678663197
meulaboh,ID,4.1363,96.1285,76.28,89,96,3.15,1678663197
channel-port aux basques,CA,47.5702,-59.1367,31.78,81,4,8.88,1678663198
manokwari,ID,-0.8667,134.0833,79.03,79,95,1.74,1678663198
bell ville,AR,-32.6259,-62.6887,86.67,21,7,9.53,1678663198
muriti,TZ,-1.9833,32.9167,72.01,76,100,5.5,1678663199
mapiri,BO,-15.25,-68.1667,74.48,82,63,1.77,1678663199
fairbanks,US,64.8378,-147.7164,15.22,77,75,0.0,1678663199
ahome,MX,25.9167,-109.1833,84.15,37,9,17.81,1678663065
sicuani,PE,-14.2694,-71.2261,51.19,74,86,6.22,1678663200
vostochnyy,RU,55.8167,37.8667,24.1,89,86,11.14,1678663200
trinidad,BO,-14.8333,-64.9,85.98,70,20,0.0,1678663201
kuna,US,43.4918,-116.4201,52.36,56,75,13.8,1678663201
sistranda,NO,63.7256,8.834,28.36,56,100,24.11,1678663202
west wendover,US,40.7391,-114.0733,45.61,66,20,3.44,1678663202
rorvik,NO,64.8621,11.2373,28.51,74,93,15.86,1678663203
madang,PG,-5.2246,145.7966,82.08,74,92,2.71,1678663203
bocaiuva,BR,-17.1078,-43.815,78.51,54,100,11.41,1678663204
baoro,CF,5.6667,15.9667,71.28,45,97,1.88,1678663204
vestmannaeyjar,IS,63.4427,-20.2734,21.6,53,1,12.53,1678663205
shambu,ET,9.5667,37.1,55.38,73,99,0.38,1678663205
vodnyy,RU,63.5046,53.4095,35.46,98,100,16.13,1678663206
bahia honda,CU,22.9036,-83.1592,79.74,62,60,0.31,1678663206
panama city,PA,8.9936,-79.5197,84.15,70,20,8.05,1678663206
port hardy,CA,50.6996,-127.4199,46.58,66,75,13.8,1678663207
praia da vitoria,PT,38.7333,-27.0667,58.75,82,20,20.58,1678663207
baiao,BR,-2.7906,-49.6717,73.27,98,64,3.67,1678663208
xining,CN,36.6167,101.7667,32.52,26,0,2.55,1678663208
antofagasta,CL,-23.65,-70.4,70.88,81,11,7.54,1678663092
novobeysugskaya,RU,45.472,39.8861,44.69,80,100,12.71,1678663209
concordia,AR,-31.393,-58.0209,90.79,30,97,7.0,1678663210
mumford,GH,5.2618,-0.759,80.11,87,83,9.31,1678663210
bakel,SN,14.905,-12.4568,86.86,9,0,7.56,1678663210
saint-augustin,CA,51.226,-58.6502,24.42,92,80,0.29,1678663211
ulladulla,AU,-35.35,150.4667,64.76,84,98,9.22,1678663211
veryi,GR,40.95,23.4,48.83,52,38,1.05,1678663212
pemangkat,ID,1.1667,108.9667,75.15,90,84,9.01,1678663212
celestun,MX,20.8667,-90.4,81.79,66,0,11.56,1678663213
rawson,AR,-43.3002,-65.1023,78.44,32,97,10.29,1678663213
lusambo,CD,-4.9667,23.45,69.24,94,98,1.05,1678663214
tigre,AR,-34.426,-58.5796,89.06,63,43,3.0,1678662938
peleduy,RU,59.6289,112.7406,14.05,95,100,3.36,1678663214
luau,AO,-10.7073,22.2247,65.23,97,100,3.06,1678663215
khandyga,RU,62.6667,135.6,4.96,95,100,3.85,1678663215
kirkuk,IQ,35.4681,44.3922,58.46,50,91,7.81,1678663216
beringovskiy,RU,63.05,179.3167,6.93,78,69,6.42,1678663216
saint anthony,US,45.0205,-93.218,32.25,84,100,17.27,1678663217
arlit,NE,18.7369,7.3853,79.61,9,100,5.77,1678663218
peniche,PT,39.3558,-9.3811,56.44,97,100,8.66,1678663218
ambilobe,MG,-13.2,49.05,73.76,95,100,1.5,1678663219
wanlaweyn,SO,2.6185,44.8938,79.41,80,57,13.2,1678663219
abu samrah,SY,35.3029,37.1841,57.63,42,91,3.31,1678663220
montgomery,US,39.1501,-77.1997,38.62,89,100,8.05,1678663177
keti bandar,PK,24.1447,67.4497,74.53,69,54,9.53,1678663221
poum,NC,-20.2333,164.0167,80.19,64,9,13.35,1678663221
mormugao,IN,15.4,73.8,76.26,61,86,2.3,1678663222
klyuchi,RU,52.2667,79.1667,20.26,92,6,4.16,1678663223
savannah bight,HN,16.45,-85.85,79.74,79,1,20.69,1678663223
belaya gora,RU,68.5333,146.4167,-1.77,96,100,5.46,1678663223
tazovskiy,RU,67.4667,78.7,-6.43,98,61,9.62,1678663224
novoseleznevo,RU,55.6821,69.2056,7.56,97,53,7.94,1678663224
nishihara,JP,26.1842,127.7558,62.26,82,100,28.77,1678663225
taksimo,RU,56.3444,114.8794,-2.24,98,100,0.09,1678663225
bay roberts,CA,47.5999,-53.2648,31.33,91,95,13.0,1678663226
coari,BR,-4.085,-63.1414,73.09,99,100,2.3,1678663226
galle,LK,6.0367,80.217,74.64,88,40,7.25,1678663227
bac lieu,VN,9.285,105.7244,74.95,81,4,17.54,1678663227
cedar city,US,37.6775,-113.0619,50.97,50,0,6.91,1678663228
ponta do sol,PT,32.6667,-17.1,66.0,73,97,3.87,1678663229
kandrian,PG,-6.2167,149.55,83.97,68,72,1.81,1678663229
sampit,ID,-2.5333,112.95,73.44,98,100,0.58,1678663230
gazimurskiy zavod,RU,51.5461,118.3266,-0.87,95,97,2.93,1678663230
ambon,ID,-3.6954,128.1814,78.94,89,40,5.75,1678663009
horodnytsya,UA,50.807,27.3168,28.04,88,63,7.27,1678663231
sherman,US,33.6357,-96.6089,59.11,46,32,14.0,1678663231
zhigansk,RU,66.7697,123.3711,-11.63,99,99,13.53,1678663232
beyneu,KZ,45.3167,55.2,48.25,74,99,22.55,1678663232
vicksburg,US,32.3526,-90.8779,53.28,88,100,19.57,1678663233
gewane,ET,10.1664,40.6453,81.93,52,85,0.6,1678663233
marawi,PH,7.9986,124.2928,67.86,91,99,3.51,1678663233
casablanca,MA,33.5928,-7.6192,62.33,82,78,4.0,1678662968
salalah,OM,17.0151,54.0924,75.29,69,0,4.61,1678663076
aqtobe,KZ,50.2797,57.2072,33.89,100,100,13.42,1678662963
buritizeiro,BR,-17.3511,-44.9622,74.12,80,100,4.52,1678663235
zhangjiakou,CN,40.81,114.8794,31.33,23,69,1.01,1678663235
